bagid,naam,adamlink
363300000005904,"'s-Gravelandse Veer",https://adamlink.nl/geo/street/sgravenlandseveer/3925
457300000000068,'s-Gravelandseweg,https://adamlink.nl/geo/street/sgravelandseweg/8875
363300000004442,'s-Gravenhekje,https://adamlink.nl/geo/street/sgravenhekje/4055
363300000002024,"A. Reitsmakade",https://adamlink.nl/geo/street/a-reitsmakade/2
363300000002619,"A.A.H. Struijckenkade",https://adamlink.nl/geo/street/aah-struijckenkade/6
363300000002624,Aalsmeerplein,https://adamlink.nl/geo/street/aalsmeerplein/9
363300000001550,Aandewind,https://adamlink.nl/geo/street/aandewind/12
457300000000232,"Aartje de Voseiland",https://adamlink.nl/geo/street/aartje-de-voseiland/8879
363300000002631,"Abraham Staalmanplein",https://adamlink.nl/geo/street/abraham-staalmanplein/28
363300000002636,Achtergouwtje,https://adamlink.nl/geo/street/achtergouwtje-zunderdorp/37
363300000005366,Achtersteven,https://adamlink.nl/geo/street/achtersteven/40
363300000002639,"Adam van Germezhof",https://adamlink.nl/geo/street/adam-van-germezhof/44
363300000002641,Adelaarsweg,https://adamlink.nl/geo/street/adelaarsweg/47
363300000002642,"AdÃ¨le Opzoomerstraat",https://adamlink.nl/geo/street/adele-opzoomerstraat/48
363300000002643,Adingerdorphof,https://adamlink.nl/geo/street/adingerdorphof/50
363300000001216,"Adolphine Eduardine Kokplantsoen",https://adamlink.nl/geo/street/adolphine-eduardine-kokplantsoen/56
363300000002649,"Adriaan Kluitstraat",https://adamlink.nl/geo/street/adriaan-kluitstraat/59
363300000005964,"AdriÃ«nne Solserhof",https://adamlink.nl/geo/street/adrienne-solserhof/6368
457300000000008,Aetsveldseweg,https://adamlink.nl/geo/street/aetsveldseweg/8890
363300000000997,Afroditekade,https://adamlink.nl/geo/street/afroditekade/72
363300000001482,Akersingel,https://adamlink.nl/geo/street/akersingel/81
363300000000899,Albatrospad,https://adamlink.nl/geo/street/albatrospad/90
363300000002671,"Albert Schultenshof",https://adamlink.nl/geo/street/albert-schultenshof/97
363300000002672,"Albert Verweystraat",https://adamlink.nl/geo/street/albert-verweystraat/98
363300000002673,"Albertus Magnushof",https://adamlink.nl/geo/street/albertus-magnushof/99
363300000002679,Aldendriel,https://adamlink.nl/geo/street/aldendriel/105
363300000002683,Alexanderkade,https://adamlink.nl/geo/street/alexanderkade/110
363300000002685,Alexanderstraat,https://adamlink.nl/geo/street/alexanderstraat/112
363300000002691,"Alpert van Metzhof",https://adamlink.nl/geo/street/alpert-van-metzhof/121
363300000002693,Amandelstraat,https://adamlink.nl/geo/street/amandelstraat/124
363300000002702,Amsteldijk,https://adamlink.nl/geo/street/amsteldijk/137
363300000002703,Amstelkade,https://adamlink.nl/geo/street/amstelkade/140
363300000005592,Amstelpark,
363300000006059,Andreasplein,https://adamlink.nl/geo/street/andreasplein/161
363300000002714,"Andries Vierlinghstraat",https://adamlink.nl/geo/street/andries-vierlinghstraat/163
363300000001483,Anielewiczsingel,https://adamlink.nl/geo/street/anielewiczsingel/167
363300000005882,"Ank van der Moerstraat",https://adamlink.nl/geo/street/ank-van-der-moerstraat/169
363300000000939,"Anna Blamansingel",https://adamlink.nl/geo/street/anna-blamansingel/5279
363300000002723,"Annette Versluysstraat",https://adamlink.nl/geo/street/annette-versluysstraat/179
363300000001107,"Annie Romeinplein",https://adamlink.nl/geo/street/annie-romeinplein/181
363300000002724,Anselmushof,https://adamlink.nl/geo/street/anselmushof/182
363300000002728,"Anthony Fokkerweg",https://adamlink.nl/geo/street/anthony-fokkerweg/186
363300000002729,"Anthony Spatzierhof",https://adamlink.nl/geo/street/anthony-spatzierhof/188
363300000002141,"Anton HÃ¶lzelsingel",https://adamlink.nl/geo/street/anton-holzelsingel/192
363300000002731,"Anton Petershof",https://adamlink.nl/geo/street/anton-petershof/193
363300000002732,"Anton Struikstraat",https://adamlink.nl/geo/street/anton-struikstraat/195
363300000002734,"Anton Waldorpstraat",https://adamlink.nl/geo/street/anton-waldorpstraat/197
457300000000013,Aquamarin,https://adamlink.nl/geo/street/aquamarin/8895
363300000002740,Aragohof,https://adamlink.nl/geo/street/aragohof/205
363300000002744,Archimedeslaan,https://adamlink.nl/geo/street/archimedeslaan/209
363300000001190,Ardennenlaan,https://adamlink.nl/geo/street/ardennenlaan/212
363300000002747,Arenborg,https://adamlink.nl/geo/street/arenborg/214
363300000002748,"Arend Bontekoeplantsoen",https://adamlink.nl/geo/street/arend-bontekoeplantsoen/215
363300000002753,"Arij Prinsstraat",https://adamlink.nl/geo/street/arij-prinsstraat/224
363300000002754,Aristotelesstraat,https://adamlink.nl/geo/street/aristotelesstraat/225
363300000002755,"Arnold Geulincxpad",https://adamlink.nl/geo/street/arnold-geulincxpad/227
363300000002757,"Arthur van Schendelstraat",https://adamlink.nl/geo/street/arthur-van-schendelstraat/233
363300003682806,Atlantisplein,https://adamlink.nl/geo/street/atlantisplein/244
363300000002769,Avogadrostraat,https://adamlink.nl/geo/street/avogadrostraat/252
363300000005523,AziÃ«havenweg,https://adamlink.nl/geo/street/aziehavenweg/257
363300000002772,Baarsjesweg,https://adamlink.nl/geo/street/baarsjesweg/263
363300000002781,Baetostraat,https://adamlink.nl/geo/street/baetostraat/273
363300000002460,"Bakhuizen van den Brinkhof",https://adamlink.nl/geo/street/bakhuizen-van-den-brinkhof/276
363300000002461,"Bakhuys Roozeboomstraat",https://adamlink.nl/geo/street/bakhuys-roozeboomstraat/277
363300000002464,Bakkumstraat,https://adamlink.nl/geo/street/bakkumstraat/280
363300000001484,Baldwinstraat,https://adamlink.nl/geo/street/baldwinstraat/285
363300000002469,Bamberghof,https://adamlink.nl/geo/street/bamberghof/292
363300000002470,Bananenstraat,https://adamlink.nl/geo/street/bananenstraat/293
363300000002471,Bandijkstraat,https://adamlink.nl/geo/street/bandijkstraat/294
363300000005651,Banneplein,https://adamlink.nl/geo/street/banneplein/298
363300000005874,Barnevelderstraat,https://adamlink.nl/geo/street/barnevelderstraat/313
363300000002483,"Bart van Hovestraat",https://adamlink.nl/geo/street/bart-van-hovestraat/323
363300000002493,Becquerelstraat,https://adamlink.nl/geo/street/becquerelstraat/338
363300000002495,"Beek en Hoff",https://adamlink.nl/geo/street/beek-en-hoff/340
363300000002499,Begijnhof,https://adamlink.nl/geo/street/begijnhof/347
363300000002507,Belmermeer,https://adamlink.nl/geo/street/belmermeer/369
363300000005916,"Ben Alder",https://adamlink.nl/geo/street/ben-alder/373
363300000005914,"Ben Avon",https://adamlink.nl/geo/street/ben-avon/374
363300000005915,"Ben Hope",https://adamlink.nl/geo/street/ben-hope/375
363300000005923,"Ben Lawers",https://adamlink.nl/geo/street/ben-lawers/376
363300000005924,"Ben Nevis",https://adamlink.nl/geo/street/ben-nevis/377
363300000005925,"Ben Wyvis",https://adamlink.nl/geo/street/ben-wyvis/381
363300000002517,Bergmolen,
363300000002520,Berkhouthof,https://adamlink.nl/geo/street/berkhouthof/400
363300000001280,"Bernard Leenepad",https://adamlink.nl/geo/street/bernard-leenepad/405
363300000002524,"Bernard Zweerskade",https://adamlink.nl/geo/street/bernard-zweerskade/408
363300000002528,Berthelotstraat,https://adamlink.nl/geo/street/berthelotstraat/416
363300000002920,Betuwestraat,https://adamlink.nl/geo/street/betuwestraat/427
363300000001614,Bezembinderspad,https://adamlink.nl/geo/street/bezembinderspad/441
363300000001618,Bieslookpad,https://adamlink.nl/geo/street/bieslookpad/448
363300000002934,Bijlmerplein,https://adamlink.nl/geo/street/bijlmerplein/452
363300000002936,Bilderdijkpark,https://adamlink.nl/geo/street/bilderdijkpark/458
363300000002946,Binnenkant,https://adamlink.nl/geo/street/binnenkant/477
363300000005381,Binnenvaart,https://adamlink.nl/geo/street/binnenvaart/479
363300000002947,Biothof,https://adamlink.nl/geo/street/biothof/481
363300000002950,Blancefloorstraat,https://adamlink.nl/geo/street/blancefloorstraat/485
363300000001113,Blauwdasstraat,https://adamlink.nl/geo/street/blauwdasstraat/490
363300000002964,"Boas en Judelshof",https://adamlink.nl/geo/street/boas-en-judelshof/511
363300000002966,Boeierspad,https://adamlink.nl/geo/street/boeierspad/515
363300000002967,Boerensteeg,https://adamlink.nl/geo/street/boerensteeg/518
363300000002971,BÃ¶hlerpad,https://adamlink.nl/geo/street/bohlerpad/525
363300000001485,Bonhoeffersingel,https://adamlink.nl/geo/street/bonhoeffersingel/535
363300000005736,Boorderstraat,https://adamlink.nl/geo/street/boorderstraat/544
363300000002989,Borrendammehof,https://adamlink.nl/geo/street/borrendammehof/561
363300000002996,Bosbraakhof,https://adamlink.nl/geo/street/bosbraakhof/568
363300000003000,Botteskerksingel,https://adamlink.nl/geo/street/botteskerksingel/575
363300000003003,Boutensstraat,https://adamlink.nl/geo/street/boutensstraat/579
363300000003004,Bouvigne,https://adamlink.nl/geo/street/bouvigne/580
363300000003005,"Bouwen Ewoutszstraat",https://adamlink.nl/geo/street/bouwen-ewoutszstraat/581
363300000003007,Bovenkruier,
363300000003010,"Braak en Bosch",https://adamlink.nl/geo/street/braak-en-bosch/588
363300000003020,Brediusstraat,https://adamlink.nl/geo/street/brediusstraat/602
363300000005687,Breedveld,https://adamlink.nl/geo/street/breedveld/603
363300000003027,Brisselkerkstraat,https://adamlink.nl/geo/street/brisselkerkstraat/616
363300000001233,"Bruins Slotstraat",https://adamlink.nl/geo/street/bruins-slotstraat/625
363300000001540,Buiksloterbreek,https://adamlink.nl/geo/street/buiksloterbreek/629
363300000005926,Buitendijk,https://adamlink.nl/geo/street/buitendijk/647
363300000003044,Buitenrustpad,https://adamlink.nl/geo/street/buitenrustpad/653
363300000003058,"Burgemeester Stramanweg",https://adamlink.nl/geo/street/burgemeester-stramanweg/672
363300000003062,"Burgemeester Van Tienhovengracht",https://adamlink.nl/geo/street/burgemeester-van-tienhovengracht/676
363300000003064,Burgersdijkstraat,https://adamlink.nl/geo/street/burgersdijkstraat/678
363300000003065,Burgersweerhof,https://adamlink.nl/geo/street/burgersweerhof/679
363300000003070,Bussumstraat,https://adamlink.nl/geo/street/bussumstraat/686
363300000001231,"C.P.M. Rommeplantsoen",https://adamlink.nl/geo/street/cpm-rommeplantsoen/847
363300000003079,Campanulapad,https://adamlink.nl/geo/street/campanulapad/700
363300000005688,"Carry Pothuis-Smitstraat",https://adamlink.nl/geo/street/carry-pothuissmitstraat/713
363300000003084,"Carry van Bruggenstraat",https://adamlink.nl/geo/street/carry-van-bruggenstraat/714
363300000003089,Celebesstraat,https://adamlink.nl/geo/street/celebesstraat/724
363300000001421,Centavoshof,https://adamlink.nl/geo/street/centavoshof/728
363300000001410,Centimehof,https://adamlink.nl/geo/street/centimehof/729
363300011951244,"Centrale Groothandelsmarkt",https://adamlink.nl/geo/street/centrale-groothandelsmarkt/6400
363300000001274,"Charlotte Cooperpad",https://adamlink.nl/geo/street/charlotte-cooperpad/738
363300000000989,"Chico Mendesstraat",https://adamlink.nl/geo/street/chico-mendesstraat/743
363300000003104,"Christine Poolmanhof",https://adamlink.nl/geo/street/christine-poolmanhof/750
363300000003105,"Christine Stoetzhof",https://adamlink.nl/geo/street/christine-stoetzhof/751
363300000003106,"Christoffel Plantijnpad",https://adamlink.nl/geo/street/christoffel-plantijnpad/753
363300000001608,Circusplein,https://adamlink.nl/geo/street/circusplein/761
363300000003111,Citroenenstraat,https://adamlink.nl/geo/street/citroenenstraat/763
363300000003113,Clauskindereweg,https://adamlink.nl/geo/street/clauskindereweg/773
363300000003120,"Colnot en Poonshof",https://adamlink.nl/geo/street/colnot-en-poonshof/785
363300000003131,Coornhertstraat,https://adamlink.nl/geo/street/coornhertstraat/801
363300000003135,"Cor Ruyshof",https://adamlink.nl/geo/street/cor-ruyshof/805
363300000003139,"Cornelis de Grootpad",https://adamlink.nl/geo/street/cornelis-de-grootpad/812
363300000003141,"Cornelis Dopperkade",https://adamlink.nl/geo/street/cornelis-dopperkade/816
363300000003150,"Cornelis Sorgdragerstraat",https://adamlink.nl/geo/street/cornelis-sorgdragerstraat/827
363300000001358,"Cornelis van Rijplantsoen",https://adamlink.nl/geo/street/cornelis-van-rijplantsoen/833
363300000003158,Coronelstraat,https://adamlink.nl/geo/street/coronelstraat/837
363300000003166,"Cromme Camp",https://adamlink.nl/geo/street/cromme-camp/849
363300000003172,Cruuskerkstraat,https://adamlink.nl/geo/street/cruuskerkstraat/855
363300000005595,Daalwijk,https://adamlink.nl/geo/street/daalwijk/867
363300000001281,"Daan van Dijkpad",https://adamlink.nl/geo/street/daan-van-dijkpad/871
363300000001425,Dachstein,https://adamlink.nl/geo/street/dachstein/872
363300000003183,Dadelstraat,https://adamlink.nl/geo/street/dadelstraat/874
363300000003184,Daelenbroek,https://adamlink.nl/geo/street/daelenbroek/875
363300000003185,Daltonstraat,https://adamlink.nl/geo/street/daltonstraat/879
457300000000043,Dammerweg,https://adamlink.nl/geo/street/dammerweg/8923
363300000003187,Damrak,https://adamlink.nl/geo/street/damrak/882
363300000003195,Danzigerkade,https://adamlink.nl/geo/street/danzigerkade/892
363300000003198,Darwinplantsoen,https://adamlink.nl/geo/street/darwinplantsoen/895
363300000005689,"David Wijnkoopstraat",https://adamlink.nl/geo/street/david-wijnkoopstraat/902
363300000003205,"De Biezenhof",https://adamlink.nl/geo/street/de-biezenhof/906
363300000003208,"De Breekstraat",https://adamlink.nl/geo/street/de-breekstraat/910
363300000003211,"De Duikerstraat",https://adamlink.nl/geo/street/de-duikerstraat/914
363300000003212,"De Egmondenstraat",https://adamlink.nl/geo/street/de-egmondenstraat/915
363300011951433,"De Leggende Osstraat",https://adamlink.nl/geo/street/de-leggende-osstraat/6410
363300000006091,"De Ruijterkade",https://adamlink.nl/geo/street/de-ruijterkade/938
363300000003229,"De Sitterstraat",https://adamlink.nl/geo/street/de-sitterstraat/941
363300000003235,"Del Court van Krimpenstraat",https://adamlink.nl/geo/street/del-court-van-krimpenstraat/948
363300000006045,Demerarastraat,https://adamlink.nl/geo/street/demerarastraat/5301
363300000005598,Dennenrode,https://adamlink.nl/geo/street/dennenrode/962
363300000002608,"Derde Kostverlorenkade",https://adamlink.nl/geo/street/derde-kostverlorenkade/968
363300000003248,Dever,https://adamlink.nl/geo/street/dever/983
457300000000222,Dichtershof,https://adamlink.nl/geo/street/dichtershof/8930
363300000003253,Diemerzeedijk,https://adamlink.nl/geo/street/diemerzeedijk/996
363300000003258,Dijkmanpad,https://adamlink.nl/geo/street/dijkmanpad/1006
363300000003259,Dijkmanshuizenstraat,https://adamlink.nl/geo/street/dijkmanshuizenstraat/1007
363300011290590,Dillehof,https://adamlink.nl/geo/street/dillehof/5320
363300000001414,Dinarpromenade,https://adamlink.nl/geo/street/dinarpromenade/1018
363300000003272,"Dirk Wittehof",https://adamlink.nl/geo/street/dirk-wittehof/1028
363300000003273,Dirkshornplantsoen,https://adamlink.nl/geo/street/dirkshornplantsoen/1029
363300000003276,Distelkade,https://adamlink.nl/geo/street/distelkade/1035
363300000005763,Djakartaterras,https://adamlink.nl/geo/street/djakartaterras/1041
363300000003286,Dolfijnhof,https://adamlink.nl/geo/street/dolfijnhof/1049
363300000006064,Dollardpad,https://adamlink.nl/geo/street/dollardpad/1053
363300000005928,"Dom H. van der Laanstraat",https://adamlink.nl/geo/street/dom-h-van-der-laanstraat/1056
363300000003295,Doornburg,https://adamlink.nl/geo/street/doornburg/1066
363300000003298,"Dorus Rijkershof",https://adamlink.nl/geo/street/dorus-rijkershof/1079
457300000000196,"Dr.J.Th.de Visserlaan",https://adamlink.nl/geo/street/drjthde-visserlaan/8935
363300000003311,Droogbak,https://adamlink.nl/geo/street/droogbak/1098
363300000003313,Drusiushof,https://adamlink.nl/geo/street/drusiushof/1101
363300000003314,"Du Perronstraat",https://adamlink.nl/geo/street/du-perronstraat/1102
363300000003317,Dubbelmondehof,https://adamlink.nl/geo/street/dubbelmondehof/1108
363300000003318,"Dudok de Withof",https://adamlink.nl/geo/street/dudok-de-withof/1109
363300000003321,Duinbeek,https://adamlink.nl/geo/street/duinbeek/1113
363300000003322,Duindoornplein,https://adamlink.nl/geo/street/duindoornplein/1114
363300011951206,Duinlustpad,https://adamlink.nl/geo/street/duinlustpad/6420
363300000002782,Duivendrechtsekade,https://adamlink.nl/geo/street/duivendrechtsekade/1118
363300000001239,"Duke Ellingtonstraat",https://adamlink.nl/geo/street/duke-ellingtonstraat/1123
363300000002786,Durgerdammerdijk,https://adamlink.nl/geo/street/durgerdammerdijk/1129
363300000002789,"Dwars Spinhuissteeg",https://adamlink.nl/geo/street/dwars-spinhuissteeg/1132
363300000005663,Dwarswatering,https://adamlink.nl/geo/street/dwarswatering/1133
363300000005602,Echtenstein,https://adamlink.nl/geo/street/echtenstein/1140
363300000002791,Eckeharthof,https://adamlink.nl/geo/street/eckeharthof/1141
363300000002792,Eclipshof,https://adamlink.nl/geo/street/eclipshof/1142
363300000001405,Ecuplein,https://adamlink.nl/geo/street/ecuplein/1143
363300000002793,Edammerpad,https://adamlink.nl/geo/street/edammerpad/1146
363300000002795,Edisonstraat,https://adamlink.nl/geo/street/edisonstraat/1149
363300000001630,"Eduard Hellendoornstraat",https://adamlink.nl/geo/street/eduard-hellendoornstraat/1153
363300000002796,"Eduard Jacobshof",https://adamlink.nl/geo/street/eduard-jacobshof/1154
363300000002797,"Eduard Meijerstraat",https://adamlink.nl/geo/street/eduard-meijerstraat/1155
363300000002802,Eenhoornhof,https://adamlink.nl/geo/street/eenhoornhof/1165
363300000002547,"Eerste Kostverlorenkade",https://adamlink.nl/geo/street/eerste-kostverlorenkade/1185
363300000001104,"Efua Sutherlandstraat",https://adamlink.nl/geo/street/efua-sutherlandstraat/1208
363300000005604,Egeldonk,https://adamlink.nl/geo/street/egeldonk/1211
363300001976761,EGoliplein,https://adamlink.nl/geo/street/egoliplein/1217
363300000002809,Ehrlichstraat,https://adamlink.nl/geo/street/ehrlichstraat/1219
363300000001427,Eiger,https://adamlink.nl/geo/street/eiger/1221
363300000002811,Eijkmanstraat,https://adamlink.nl/geo/street/eijkmanstraat/1222
363300000002814,Einthovenstraat,https://adamlink.nl/geo/street/einthovenstraat/1226
363300000002821,Elegaststraat,https://adamlink.nl/geo/street/elegaststraat/1235
363300011951260,"Elizabeth Cady Stantonplein",https://adamlink.nl/geo/street/elizabeth-cady-stantonplein/6435
363300000002830,"Emanuel van Meterenstraat",https://adamlink.nl/geo/street/emanuel-van-meterenstraat/1248
363300000001102,"Emmeline Pankhurststraat",https://adamlink.nl/geo/street/emmeline-pankhurststraat/1253
363300000001141,Entrepotbrug,https://adamlink.nl/geo/street/entrepotbrug/1266
363300000005605,Entrepotdok,https://adamlink.nl/geo/street/entrepotdok/1267
363300000001260,Entrepothof,https://adamlink.nl/geo/street/entrepothof/1270
363300000002844,Epicurusstraat,https://adamlink.nl/geo/street/epicurusstraat/1274
363300000001632,"Ernst Cahnsingel",https://adamlink.nl/geo/street/ernst-cahnsingel/1282
363300000001408,Eurokade,https://adamlink.nl/geo/street/eurokade/1292
363300000002855,"Everard van Reijdhof",https://adamlink.nl/geo/street/everard-van-reijdhof/1296
363300000002858,"Ewoud Worststraat",https://adamlink.nl/geo/street/ewoud-worststraat/1301
363300000002859,"F.C. Dondersstraat",https://adamlink.nl/geo/street/fc-dondersstraat/1314
363300000002861,Fahrenheitsingel,https://adamlink.nl/geo/street/fahrenheitsingel/1305
363300000002446,"Fanny Blankers-Koenlaan",https://adamlink.nl/geo/street/fanny-blankerskoenlaan/5323
363300000001390,"Fanny Durackstraat",https://adamlink.nl/geo/street/fanny-durackstraat/1310
363300000001122,Februariplein,https://adamlink.nl/geo/street/februariplein/1315
363300000002870,Ferguutstraat,https://adamlink.nl/geo/street/ferguutstraat/1320
363300000002871,Ferrarisstraat,https://adamlink.nl/geo/street/ferrarisstraat/1321
363300000002873,Fibigerstraat,https://adamlink.nl/geo/street/fibigerstraat/1323
363300000005828,"Fien de la Mar Straat",https://adamlink.nl/geo/street/fien-de-la-mar-straat/6440
363300000002874,"Fijnje van Salverdastraat",https://adamlink.nl/geo/street/fijnje-van-salverdastraat/1325
363300000002879,Flammarionstraat,https://adamlink.nl/geo/street/flammarionstraat/1331
363300000002880,Fleerde,
363300000002881,Flevopark,
363300000002887,Florijn,
363300000002885,"Floris van der Laakenstraat",https://adamlink.nl/geo/street/floris-van-der-laakenstraat/1344
363300000002891,Foersterhof,https://adamlink.nl/geo/street/foersterhof/1350
363300000000938,Fraijlemaborg,https://adamlink.nl/geo/street/fraijlemaborg/1366
363300000002896,"Franciscus Claessenstraat",https://adamlink.nl/geo/street/franciscus-claessenstraat/1369
363300000002897,"Frank van der Goesstraat",https://adamlink.nl/geo/street/frank-van-der-goesstraat/1370
363300000001277,"Frans de Vrengpad",https://adamlink.nl/geo/street/frans-de-vrengpad/1375
363300000002901,"Frans Naerebouthof",https://adamlink.nl/geo/street/frans-naerebouthof/1379
363300000001144,Fregelaan,https://adamlink.nl/geo/street/fregelaan/1395
363300000003658,"Fridtjof Nansenhof",https://adamlink.nl/geo/street/fridtjof-nansenhof/1398
363300000003660,Frissenstein,https://adamlink.nl/geo/street/frissenstein/1400
363300000000896,Funenpark,https://adamlink.nl/geo/street/funenpark/1408
363300000001032,Gaffelaarspad,https://adamlink.nl/geo/street/gaffelaarspad/1419
363300000003671,Gageldonk,https://adamlink.nl/geo/street/gageldonk/1421
363300000005642,Garstkamp,https://adamlink.nl/geo/street/garstkamp/1438
363300000005608,Geerdinkhof,https://adamlink.nl/geo/street/geerdinkhof/1451
363300000005773,Geldershoofd,https://adamlink.nl/geo/street/geldershoofd/1461
363300000003691,Generatorstraat,https://adamlink.nl/geo/street/generatorstraat/1467
363300000003692,Genhoes,https://adamlink.nl/geo/street/genhoes/1468
363300000001268,"George Ortonpad",https://adamlink.nl/geo/street/george-ortonpad/1474
363300000001266,"George Sandstraat",https://adamlink.nl/geo/street/george-sandstraat/1475
363300000001491,"Gerrit Mannourystraat",https://adamlink.nl/geo/street/gerrit-mannourystraat/1493
363300000003704,"Gerrit Stuyverstraat",https://adamlink.nl/geo/street/gerrit-stuyverstraat/1494
363300000005827,"Gerrit van den Boschpad",https://adamlink.nl/geo/street/gerrit-van-den-boschpad/1495
363300000001085,"Gerrit van der Puijstraat",https://adamlink.nl/geo/street/gerrit-van-der-puijstraat/1496
363300000003707,Geuzenkade,https://adamlink.nl/geo/street/geuzenkade/1503
363300000003709,Gevleweg,https://adamlink.nl/geo/street/gevleweg/1505
363300000001395,Gileppehof,https://adamlink.nl/geo/street/gileppehof/1513
363300000003718,Gloriantstraat,https://adamlink.nl/geo/street/gloriantstraat/1520
363300000003719,"Goeman Borgesiusstraat",https://adamlink.nl/geo/street/goeman-borgesiusstraat/1521
363300000003721,Gooiluststraat,https://adamlink.nl/geo/street/gooiluststraat/1523
363300000003722,Gooioord,https://adamlink.nl/geo/street/gooioord/1524
363300000003726,Gorsstraat,https://adamlink.nl/geo/street/gorsstraat/1529
363300000005649,"Gouden Leeuw",https://adamlink.nl/geo/street/gouden-leeuw/1533
363300000003728,Goudreinetstraat,https://adamlink.nl/geo/street/goudreinetstraat/1535
363300000003729,Goudriaanstraat,https://adamlink.nl/geo/street/goudriaanstraat/1536
363300000003737,"Graham Bellstraat",https://adamlink.nl/geo/street/graham-bellstraat/1545
363300000003740,Grasrijk,https://adamlink.nl/geo/street/grasrijk/1549
363300000005774,Gravestein,https://adamlink.nl/geo/street/gravestein/1554
363300000003745,Grianestraat,https://adamlink.nl/geo/street/grianestraat/1557
363300011951434,"Groene Ridderhof",https://adamlink.nl/geo/street/groene-ridderhof/6456
363300011951435,"Groene Ridderpad",https://adamlink.nl/geo/street/groene-ridderpad/6457
363300000003752,Groenehuyzen,https://adamlink.nl/geo/street/groenehuyzen/1567
363300000003754,Groeneveen,https://adamlink.nl/geo/street/groeneveen/1569
363300000005413,Groenhoven,https://adamlink.nl/geo/street/groenhoven/1571
363300000003755,Groenmarktkade,https://adamlink.nl/geo/street/groenmarktkade/1574
363300000003757,Groetstraat,https://adamlink.nl/geo/street/groetstraat/1577
363300000003758,Grondzeiler,
363300000001428,Grossglockner,https://adamlink.nl/geo/street/grossglockner/1588
363300000001602,"Grote Diestraat",https://adamlink.nl/geo/street/grote-diestraat/1592
363300000003763,"Grote Ruwenberg",https://adamlink.nl/geo/street/grote-ruwenberg/1595
363300000003766,Grubbehoeve,https://adamlink.nl/geo/street/grubbehoeve/1597
363300000005655,"Gulden Kruis",https://adamlink.nl/geo/street/gulden-kruis/1604
363300000001409,Guldenpromenade,https://adamlink.nl/geo/street/guldenpromenade/1609
363300001988928,"H. Stolleplantsoen",https://adamlink.nl/geo/street/h-stolleplantsoen/1619
363300000003778,"Haag en Veld",https://adamlink.nl/geo/street/haag-en-veld/1620
363300000005535,Haardstee,https://adamlink.nl/geo/street/haardstee/1624
363300000003326,Hagenau,https://adamlink.nl/geo/street/hagenau/1638
363300000003327,"Hajo Brugmanshof",https://adamlink.nl/geo/street/hajo-brugmanshof/1640
363300000005636,Hakfort,https://adamlink.nl/geo/street/hakfort/1641
363300000003334,Handmolen,
363300000003336,"Hans Onversaagdstraat",https://adamlink.nl/geo/street/hans-onversaagdstraat/1660
363300000003341,Harmoniehof,https://adamlink.nl/geo/street/harmoniehof/1669
363300000001105,"Harriet Freezerstraat",https://adamlink.nl/geo/street/harriet-freezerstraat/1671
363300000003345,Hartelstein,https://adamlink.nl/geo/street/hartelstein/1675
457300000000073,Heemraadweg,https://adamlink.nl/geo/street/heemraadweg/8995
363300000003356,"Heer Halewijnstraat",https://adamlink.nl/geo/street/heer-halewijnstraat/1699
363300000005536,Heesterveld,https://adamlink.nl/geo/street/heesterveld/1700
363300000003365,Hekelveld,https://adamlink.nl/geo/street/hekelveld/1711
363300000001429,Hekla,https://adamlink.nl/geo/street/hekla/1712
363300000003367,"HÃ©lÃ¨ne Swarthstraat",https://adamlink.nl/geo/street/helene-swarthstraat/1716
363300000003372,Hemonylaan,https://adamlink.nl/geo/street/hemonylaan/1724
363300000003376,"Hendrik Bulthuisstraat",https://adamlink.nl/geo/street/hendrik-bulthuisstraat/1730
363300000003380,"Hendrik Jonkerplein",https://adamlink.nl/geo/street/hendrik-jonkerplein/1736
363300000006081,"Hendrikje Stoffelsstraat",https://adamlink.nl/geo/street/hendrikje-stoffelsstraat/5374
363300000003382,"Hendrikus Rempestraat",https://adamlink.nl/geo/street/hendrikus-rempestraat/1740
363300000001282,"Henk Oomspad",https://adamlink.nl/geo/street/henk-oomspad/1746
363300000003385,Henkenshage,https://adamlink.nl/geo/street/henkenshage/1748
363300000003387,"Henri Borelstraat",https://adamlink.nl/geo/street/henri-borelstraat/1751
363300000003526,"HenriÃ«tte Roland Holststraat",https://adamlink.nl/geo/street/henriette-roland-holststraat/1760
457300000000074,Herengracht,https://adamlink.nl/geo/street/herengracht/8999
363300000003542,"Herman Poortstraat",https://adamlink.nl/geo/street/herman-poortstraat/1781
363300000003543,"Herman Robbersstraat",https://adamlink.nl/geo/street/herman-robbersstraat/1782
363300000003550,"Het Breed",https://adamlink.nl/geo/street/het-breed/1795
457300000000236,"Het Buitenhof",https://adamlink.nl/geo/street/het-buitenhof/9003
363300000003556,Hilverbeekstraat,https://adamlink.nl/geo/street/hilverbeekstraat/1811
363300000003558,Hobbemakade,https://adamlink.nl/geo/street/hobbemakade/1820
363300000003563,Hoekenespad,https://adamlink.nl/geo/street/hoekenespad/1827
363300000005798,Hoekenrode,https://adamlink.nl/geo/street/hoekenrode/1828
363300003682801,"Hof van Eden",https://adamlink.nl/geo/street/hof-van-eden/6471
363300000005849,"Hof van Groenen",https://adamlink.nl/geo/street/hof-van-groenen/1833
363300000003568,Hofgeest,https://adamlink.nl/geo/street/hofgeest/1835
363300000001442,Hofmeesterstraat,https://adamlink.nl/geo/street/hofmeesterstraat/1836
363300000003571,Hogendijk,https://adamlink.nl/geo/street/hogendijk/1842
363300000003572,Hogevecht,https://adamlink.nl/geo/street/hogevecht/1843
363300000005393,Holendrechtplein,https://adamlink.nl/geo/street/holendrechtplein/1849
363300000005461,"Hollandse Tuin",https://adamlink.nl/geo/street/hollandse-tuin/1853
363300000003577,Hollemanstraat,https://adamlink.nl/geo/street/hollemanstraat/1854
363300000003579,Holwerdahof,https://adamlink.nl/geo/street/holwerdahof/1856
363300000005852,Holy,https://adamlink.nl/geo/street/holy/1857
363300011952146,Honazstraat,https://adamlink.nl/geo/street/honazstraat/9311
363300000005850,Honingen,https://adamlink.nl/geo/street/honingen/1864
363300000003590,Hoogoord,https://adamlink.nl/geo/street/hoogoord/1874
457300000000081,Hoogstraat,https://adamlink.nl/geo/street/hoogstraat/9009
457300000000082,Horn,https://adamlink.nl/geo/street/horn/9010
363300000003598,Hortusplantsoen,https://adamlink.nl/geo/street/hortusplantsoen/1888
363300000003600,Houtkopersburgwal,https://adamlink.nl/geo/street/houtkopersburgwal/1893
363300000003605,Huddekade,https://adamlink.nl/geo/street/huddekade/1902
363300000001606,Huifkarpad,https://adamlink.nl/geo/street/huifkarpad/1914
363300000005635,Huigenbos,https://adamlink.nl/geo/street/huigenbos/1915
363300000005610,Huntum,https://adamlink.nl/geo/street/huntum/1924
363300000001272,"Ibrahim Moustafapad",https://adamlink.nl/geo/street/ibrahim-moustafapad/1930
363300003695539,IJpromenade,https://adamlink.nl/geo/street/ijpromenade/1947
363300000003626,IJslandtpad,https://adamlink.nl/geo/street/ijslandtpad/1951
363300011951304,IJsselmeerstraat,https://adamlink.nl/geo/street/ijsselmeerstraat/6481
363300000003628,Ilperveldstraat,https://adamlink.nl/geo/street/ilperveldstraat/1958
363300000003629,Imbos,https://adamlink.nl/geo/street/imbos/1959
363300000002185,"IsaÃ¤c Asscherpad",https://adamlink.nl/geo/street/isaac-asscherpad/1975
363300000003638,"Isaak Gosseshof",https://adamlink.nl/geo/street/isaak-gosseshof/1977
363300000001480,Iseoplantsoen,https://adamlink.nl/geo/street/iseoplantsoen/1980
363300000001703,"J. Kruiswijkhof",https://adamlink.nl/geo/street/j-kruiswijkhof/1991
363300000003642,"J.A. dÃ¨r Mouwstraat",https://adamlink.nl/geo/street/ja-der-mouwstraat/1992
363300000003643,"J.C. Breenstraat",https://adamlink.nl/geo/street/jc-breenstraat/2123
363300000003647,"J.F. Ankersmitstraat",https://adamlink.nl/geo/street/jf-ankersmitstraat/2137
363300000003653,Jaagpad,https://adamlink.nl/geo/street/jaagpad/1993
363300000003654,"Jaap Edenstraat",https://adamlink.nl/geo/street/jaap-edenstraat/1995
363300000003390,"Jacob Cabeliaustraat",https://adamlink.nl/geo/street/jacob-cabeliaustraat/2003
363300000003396,"Jacob Krausstraat",https://adamlink.nl/geo/street/jacob-krausstraat/2012
363300000003402,"Jacob Tilstraat",https://adamlink.nl/geo/street/jacob-tilstraat/2022
363300000003406,"Jacob van Maerlantstraat",https://adamlink.nl/geo/street/jacob-van-maerlantstraat/2028
363300000001279,"Jacobus Willemspad",https://adamlink.nl/geo/street/jacobus-willemspad/2031
363300000003413,"James Rosskade",https://adamlink.nl/geo/street/james-rosskade/2037
363300000003418,"Jan Bottemastraat",https://adamlink.nl/geo/street/jan-bottemastraat/2044
363300000003419,"Jan C. de Voshof",https://adamlink.nl/geo/street/jan-c-de-voshof/2045
363300000003420,"Jan Celestraat",https://adamlink.nl/geo/street/jan-celestraat/2046
363300000003421,"Jan Cupidohof",https://adamlink.nl/geo/street/jan-cupidohof/2047
363300000001055,"Jan de Jonghkade",https://adamlink.nl/geo/street/jan-de-jonghkade/2049
363300000001130,"Jan de Louterpad",https://adamlink.nl/geo/street/jan-de-louterpad/2051
363300000001285,"Jan Eisenloeffelstraat",https://adamlink.nl/geo/street/jan-eisenloeffelstraat/2054
363300000003430,"Jan Janzenstraat",https://adamlink.nl/geo/street/jan-janzenstraat/2060
363300000003445,"Jan Theuniszhof",https://adamlink.nl/geo/street/jan-theuniszhof/2085
363300000003447,"Jan van Beersstraat",https://adamlink.nl/geo/street/jan-van-beersstraat/2088
363300000003448,"Jan van Boendalestraat",https://adamlink.nl/geo/street/jan-van-boendalestraat/2089
363300000003452,"Jan van Goyenkade",https://adamlink.nl/geo/street/jan-van-goyenkade/2095
363300000003453,"Jan van Houthof",https://adamlink.nl/geo/street/jan-van-houthof/2096
363300000003460,"Jan Zijvertszstraat",https://adamlink.nl/geo/street/jan-zijvertszstraat/2109
363300000003461,"Jan Zwanenburghof",https://adamlink.nl/geo/street/jan-zwanenburghof/2110
363300000001488,Jarasingel,https://adamlink.nl/geo/street/jarasingel/2113
363300000003465,"Jasper Warnerhof",
363300000003471,"Jelte Eelsmastraat",
363300000001284,"Jesse Owenshof",https://adamlink.nl/geo/street/jesse-owenshof/2135
363300000001269,"Jim Thorpepad",https://adamlink.nl/geo/street/jim-thorpepad/2144
363300000003475,Jisperveldstraat,https://adamlink.nl/geo/street/jisperveldstraat/2145
363300000003478,"Joannes de Swaefhof",https://adamlink.nl/geo/street/joannes-de-swaefhof/2155
363300000003479,"Joannes Reddingiusstraat",https://adamlink.nl/geo/street/joannes-reddingiusstraat/2156
363300000003485,"Johan Brouwerpad",https://adamlink.nl/geo/street/johan-brouwerpad/2162
363300003695524,"Johan Coltermanpad",https://adamlink.nl/geo/street/johan-coltermanstraat/2163
363300000003487,"Johan de Meesterstraat",https://adamlink.nl/geo/street/johan-de-meesterstraat/2164
363300000003489,"Johan Herman Doornstraat",https://adamlink.nl/geo/street/johan-herman-doornstraat/2166
363300000003493,"Johan Kernstraat",https://adamlink.nl/geo/street/johan-kernstraat/2171
363300000003494,"Johan Limpersstraat",https://adamlink.nl/geo/street/johan-limpersstraat/2172
363300000003496,"Johan Schippersplantsoen",https://adamlink.nl/geo/street/johan-schippersplantsoen/2177
363300000003502,Johannapark,https://adamlink.nl/geo/street/johannapark/2190
363300000003503,"Johannes de Bekahof",https://adamlink.nl/geo/street/johannes-de-bekahof/2192
363300000003505,"Johannes Jelgerhuishof",https://adamlink.nl/geo/street/johannes-jelgerhuishof/2195
363300000003510,"Johannes van Meurshof",https://adamlink.nl/geo/street/johannes-van-meurshof/2200
363300000001276,"John Kellypad",https://adamlink.nl/geo/street/john-kellypad/2211
363300000003517,"John Motleyhof",https://adamlink.nl/geo/street/john-motleyhof/2214
363300000003518,Jollenpad,https://adamlink.nl/geo/street/jollenpad/2219
363300000003923,"Joop Eijlstraat",https://adamlink.nl/geo/street/joop-eijlstraat/2222
363300000003924,"Joop Gerritzestraat",https://adamlink.nl/geo/street/joop-gerritzestraat/2223
363300000003925,"Joop IJisbergstraat",https://adamlink.nl/geo/street/joop-ijisbergstraat/2224
363300000000942,"Joos Banckersplantsoen",https://adamlink.nl/geo/street/joos-banckersplantsoen/2228
363300000003927,"Joos Banckersweg",https://adamlink.nl/geo/street/joos-banckersweg/2229
363300000003932,"Joseph Scaligerstraat",https://adamlink.nl/geo/street/joseph-scaligerstraat/2236
363300000003931,"Jozef IsraÃ«lskade",https://adamlink.nl/geo/street/jozef-israelskade/2240
363300000003936,Julianaplein,https://adamlink.nl/geo/street/julianaplein/2245
363300000003939,"Justus Lipsiusstraat",https://adamlink.nl/geo/street/justus-lipsiusstraat/2250
363300000003940,"Justus van Maurikstraat",https://adamlink.nl/geo/street/justus-van-maurikstraat/2251
363300000003942,Kadijksplein,https://adamlink.nl/geo/street/kadijksplein/2258
363300000005767,Kagelinkkade,https://adamlink.nl/geo/street/kagelinkkade/2262
363300000003945,Kalkmarkt,https://adamlink.nl/geo/street/kalkmarkt/2266
363300000003947,Kalmoesstraat,https://adamlink.nl/geo/street/kalmoesstraat/2268
363300000001627,Kanteel,https://adamlink.nl/geo/street/kanteel/2281
363300000005613,Kantershof,https://adamlink.nl/geo/street/kantershof/2282
363300000001604,Kapkarpad,https://adamlink.nl/geo/street/kapkarpad/2285
363300000003957,Kapteynstraat,https://adamlink.nl/geo/street/kapteynstraat/2287
363300000001254,"Karel F. Vastenhoudpad",https://adamlink.nl/geo/street/karel-f-vastenhoudpad/2291
363300000003962,"Karel van de Woestijnestraat",https://adamlink.nl/geo/street/karel-van-de-woestijnestraat/2294
363300000002187,"Karl GrÃ¶gersingel",https://adamlink.nl/geo/street/karl-grogersingel/2296
363300000003969,Karthuizersplantsoen,https://adamlink.nl/geo/street/karthuizersplantsoen/2306
363300000003975,Katrijpstraat,https://adamlink.nl/geo/street/katrijpstraat/2314
363300000005646,Kattenburgerhof,https://adamlink.nl/geo/street/kattenburgerhof/2316
363300000003977,Kattenburgerplein,https://adamlink.nl/geo/street/kattenburgerplein/2319
363300000003979,Kattenlaan,https://adamlink.nl/geo/street/kattenlaan/2323
363300000006043,"Kees Broekmanstraat",https://adamlink.nl/geo/street/kees-broekmanstraat/6500
363300000005614,Kelbergen,https://adamlink.nl/geo/street/kelbergen/2339
363300000001188,Kempenlaan,https://adamlink.nl/geo/street/kempenlaan/2344
363300000003985,Kempering,https://adamlink.nl/geo/street/kempering/2345
363300000003987,Kennemerduinstraat,https://adamlink.nl/geo/street/kennemerduinstraat/2348
363300000003991,Kersenstraat,https://adamlink.nl/geo/street/kersenstraat/2359
363300000003992,Ketelstraat,https://adamlink.nl/geo/street/ketelstraat/2365
457300000000100,Keverdijk,https://adamlink.nl/geo/street/keverdijk/9039
363300000003999,Kikkenstein,https://adamlink.nl/geo/street/kikkenstein/2373
363300001983160,Kikkensteinhof,https://adamlink.nl/geo/street/kikkensteinhof/5336
363300000004010,Kleiburg,https://adamlink.nl/geo/street/kleiburg/2387
363300000004012,"Kleine Diestraat",https://adamlink.nl/geo/street/kleine-diestraat/2392
363300000004013,Klieverink,https://adamlink.nl/geo/street/klieverink/2400
363300000005765,Kneppelweg,https://adamlink.nl/geo/street/kneppelweg/2412
363300000004021,"Koen Limpergstraat",https://adamlink.nl/geo/street/koen-limpergstraat/2421
363300000001123,Koerierstersplein,https://adamlink.nl/geo/street/koerierstersplein/2423
363300003700965,Koolrabistraat,https://adamlink.nl/geo/street/koolrabistraat/5351
363300000005632,Koornhorst,https://adamlink.nl/geo/street/koornhorst/2450
363300011290592,Kopjachtplein,https://adamlink.nl/geo/street/kopjachtplein/5352
363300000004081,"Korte Marnixkade",https://adamlink.nl/geo/street/korte-marnixkade/2478
363300000004085,"Korte Ouderkerkerdijk",https://adamlink.nl/geo/street/korte-ouderkerkerdijk/2482
457300000000178,"Korte Stammerdijk",https://adamlink.nl/geo/street/korte-stammerdijk/9047
363300000000994,"Korte Zoutkeetsgracht",https://adamlink.nl/geo/street/korte-zoutkeetsgracht/2496
363300000001027,Kortenaerplein,https://adamlink.nl/geo/street/kortenaerplein/2497
363300000005615,Kortvoort,https://adamlink.nl/geo/street/kortvoort/2503
363300000004044,Korvetpad,https://adamlink.nl/geo/street/korvetpad/2504
363300003700969,Kouwenoordweg,https://adamlink.nl/geo/street/kouwenoordweg/2513
363300000004048,Koxhorn,https://adamlink.nl/geo/street/koxhorn/2514
363300000005414,Kraaiennest,https://adamlink.nl/geo/street/kraaiennest/2515
363300000004057,Kralenbeek,https://adamlink.nl/geo/street/kralenbeek/2523
363300000001434,Kramatplantsoen,https://adamlink.nl/geo/street/kramatplantsoen/2524
363300000004058,Kramatweg,https://adamlink.nl/geo/street/kramatweg/2525
363300000005851,Kranenburg,https://adamlink.nl/geo/street/kranenburg/2527
457300000000107,Kreugerlaan,https://adamlink.nl/geo/street/kreugerlaan/9049
363300000004064,"Krijn Breurstraat",https://adamlink.nl/geo/street/krijn-breurstraat/2535
363300000004053,"Kromme Waal",https://adamlink.nl/geo/street/kromme-waal/2545
363300000001588,Krooswijkhof,https://adamlink.nl/geo/street/krooswijkhof/2552
363300000001200,Kropaarstraat,https://adamlink.nl/geo/street/kropaarstraat/2554
363300000004100,Kruisbessenstraat,https://adamlink.nl/geo/street/kruisbessenstraat/2557
363300000004102,Kruitberg,https://adamlink.nl/geo/street/kruitberg/2560
363300001983162,Kruitberghof,https://adamlink.nl/geo/street/kruitberghof/5342
363300000004113,"L. van Sonsbeeckstraat",https://adamlink.nl/geo/street/l-van-sonsbeeckstraat/2579
363300000004114,"Laagte Kadijk",https://adamlink.nl/geo/street/laagte-kadijk/2582
363300000004115,Laanweg,https://adamlink.nl/geo/street/laanweg/2586
363300000001471,Ladogameerhof,https://adamlink.nl/geo/street/ladogameerhof/2589
457300000000103,"Lage Klompweg",https://adamlink.nl/geo/street/lage-klompweg/9052
363300000004118,Lamarckhof,https://adamlink.nl/geo/street/lamarckhof/2592
363300000005802,Langbroekpad,https://adamlink.nl/geo/street/langbroekpad/2604
457300000000135,"Lange Muiderweg",https://adamlink.nl/geo/street/lange-muiderweg/9056
363300000005691,"Lau Mazirelstraat",https://adamlink.nl/geo/street/lau-mazirelstraat/2628
363300000005525,Laurierhof,https://adamlink.nl/geo/street/laurierhof/2631
363300000001620,Lavaspad,https://adamlink.nl/geo/street/lavaspad/2633
363300000005517,Leerdamhof,https://adamlink.nl/geo/street/leerdamhof/2644
363300000004145,Leeuwendalerspad,https://adamlink.nl/geo/street/leeuwendalerspad/2646
363300000004147,Leeuwenhoekstraat,https://adamlink.nl/geo/street/leeuwenhoekstraat/2648
363300000005358,Leeuwenwerf,https://adamlink.nl/geo/street/leeuwenwerf/2649
363300000004154,Leidsekade,https://adamlink.nl/geo/street/leidsekade/2659
363300000005519,Leksmondhof,https://adamlink.nl/geo/street/leksmondhof/2665
363300000005539,Leksmondplein,https://adamlink.nl/geo/street/leksmondplein/2666
363300000005417,Lemelerbergweg,https://adamlink.nl/geo/street/lemelerbergweg/2670
363300000001605,Lemoenpad,https://adamlink.nl/geo/street/lemoenpad/2671
363300000004164,Leopoldstraat,https://adamlink.nl/geo/street/leopoldstraat/2677
363300000005518,Leusdenhof,https://adamlink.nl/geo/street/leusdenhof/2682
363300000004167,Levantkade,https://adamlink.nl/geo/street/levantkade/2684
363300000005521,Liendenhof,https://adamlink.nl/geo/street/liendenhof/2692
363300000000976,"Lies Bakhuyzenlaan",https://adamlink.nl/geo/street/lies-bakhuyzenlaan/2694
363300000004178,"Lieven Keersemakerstraat",https://adamlink.nl/geo/street/lieven-keersemakerstraat/2696
363300000004179,Lijnbaansgracht,https://adamlink.nl/geo/street/lijnbaansgracht/2698
457300000000051,"Lijsbet Eelantsplein",https://adamlink.nl/geo/street/lijsbet-eelantsplein/9063
363300011951407,Limmenstraat,https://adamlink.nl/geo/street/limmenstraat/6522
363300000001271,"Lina Radkepad",https://adamlink.nl/geo/street/lina-radkepad/2706
363300000004187,Linnaeushof,https://adamlink.nl/geo/street/linnaeushof/2710
363300000004188,Linnaeuskade,https://adamlink.nl/geo/street/linnaeuskade/2711
363300000005618,Loenermark,https://adamlink.nl/geo/street/loenermark/2734
363300000005520,Lopikhof,https://adamlink.nl/geo/street/lopikhof/2752
363300000004208,"Lord Kelvinstraat",https://adamlink.nl/geo/street/lord-kelvinstraat/2753
363300000004210,Lorreinenstraat,https://adamlink.nl/geo/street/lorreinenstraat/2755
363300000004216,"Louis Davidsstraat",https://adamlink.nl/geo/street/louis-davidsstraat/2763
363300000005692,"Louis de Visserstraat",https://adamlink.nl/geo/street/louis-de-visserstraat/2765
363300000004217,"Louis Moorhof",https://adamlink.nl/geo/street/louis-moorhof/2767
363300011951818,"Ludovicus Imminkpad",https://adamlink.nl/geo/street/ludovicus-imminkpad/9219
363300000001307,Luthuliplein,https://adamlink.nl/geo/street/luthuliplein/2786
363300000005391,Maarsenhof,https://adamlink.nl/geo/street/maarsenhof/2800
363300000004233,"Maarten Jansz. Kosterstraat",https://adamlink.nl/geo/street/maarten-jansz-kosterstraat/2802
363300000005392,Maasdrielhof,https://adamlink.nl/geo/street/maasdrielhof/2803
363300000004244,Mainhavenweg,https://adamlink.nl/geo/street/mainhavenweg/2820
363300000001612,Mandenmakerspad,https://adamlink.nl/geo/street/mandenmakerspad/2833
363300000004254,"Manna de Wijs-Moutonhof",https://adamlink.nl/geo/street/manna-de-wijsmoutonhof/2837
363300000005782,Marcantilaan,https://adamlink.nl/geo/street/marcantilaan/2840
363300000004258,Marconistraat,https://adamlink.nl/geo/street/marconistraat/2844
363300000004260,"Maria Montessoristraat",https://adamlink.nl/geo/street/maria-montessoristraat/2849
363300011951432,Mariahoevepad,https://adamlink.nl/geo/street/mariahoevepad/6531
363300000001287,"Marie Heinekenplein",https://adamlink.nl/geo/street/marie-heinekenplein/2854
363300000005647,Marinierskade,https://adamlink.nl/geo/street/marinierskade/2860
363300000001137,Markenplein,https://adamlink.nl/geo/street/markenplein/2870
363300000004270,Marnixkade,https://adamlink.nl/geo/street/marnixkade/2874
363300000004278,"Marten Corverhof",https://adamlink.nl/geo/street/marten-corverhof/2884
363300000001587,Matenesse-hof,https://adamlink.nl/geo/street/matenessehof/2898
457300000000218,"Mater Zwaeneiland",https://adamlink.nl/geo/street/mater-zwaeneiland/9072
363300000004284,"Mattheus Sladushof",https://adamlink.nl/geo/street/mattheus-sladushof/2904
363300000004285,"Maurits Kannstraat",https://adamlink.nl/geo/street/maurits-kannstraat/2906
363300000004287,Mauritskade,https://adamlink.nl/geo/street/mauritskade/2908
363300000005389,Meerkerkdreef,https://adamlink.nl/geo/street/meerkerkdreef/2922
363300000005394,Meernhof,https://adamlink.nl/geo/street/meernhof/2923
457300000000237,Meidoorneiland,https://adamlink.nl/geo/street/meidoorneiland/9074
363300000004304,Meloenenstraat,https://adamlink.nl/geo/street/meloenenstraat/2935
363300000004307,Mendelhof,https://adamlink.nl/geo/street/mendelhof/2939
363300000004309,"Menno ter Braakstraat",https://adamlink.nl/geo/street/menno-ter-braakstraat/2941
363300000004310,Mensinge,https://adamlink.nl/geo/street/mensinge/2942
363300000004317,Merlijnstraat,https://adamlink.nl/geo/street/merlijnstraat/2950
363300000001760,"Metrostation Waterlooplein",
363300000001761,"Metrostation Weesperplein",
363300000005364,Midscheeps,https://adamlink.nl/geo/street/midscheeps/2978
363300000005395,Millingenhof,https://adamlink.nl/geo/street/millingenhof/2985
363300000004335,Minckelersstraat,https://adamlink.nl/geo/street/minckelersstraat/2989
363300000003793,Moerbeienstraat,https://adamlink.nl/geo/street/moerbeienstraat/3004
363300000003795,Moermond,https://adamlink.nl/geo/street/moermond/3007
363300011951436,"Molen 't Haasjepad",https://adamlink.nl/geo/street/molen-t-haasjepad/6552
363300000003803,Molenwijk,https://adamlink.nl/geo/street/molenwijk/3021
363300000003806,Monnikendammerplantsoen,https://adamlink.nl/geo/street/monnikendammerplantsoen/3027
363300000005396,Montfoorthof,https://adamlink.nl/geo/street/montfoorthof/3039
363300000003813,Morellenstraat,https://adamlink.nl/geo/street/morellenstraat/3041
363300000001476,Morrahof,https://adamlink.nl/geo/street/morrahof/3042
363300000003814,Morsestraat,https://adamlink.nl/geo/street/morsestraat/3043
363300000003819,Motorkade,https://adamlink.nl/geo/street/motorkade/3048
363300000005734,Motorwal,https://adamlink.nl/geo/street/motorwal/3050
363300000003821,Mozartkade,https://adamlink.nl/geo/street/mozartkade/3052
363300000003833,Naaldwijkstraat,https://adamlink.nl/geo/street/naaldwijkstraat/3078
363300000003834,Naardermeerstraat,https://adamlink.nl/geo/street/naardermeerstraat/3079
363300000003839,Nassaukade,https://adamlink.nl/geo/street/nassaukade/3091
363300000003840,Nassauplein,https://adamlink.nl/geo/street/nassauplein/3092
457300000000119,"Nelson Mandelahof",https://adamlink.nl/geo/street/nelson-mandelahof/9092
363300000003852,"Nico Snijdersstraat",https://adamlink.nl/geo/street/nico-snijdersstraat/3119
363300000003853,"Nico van Suchtelenhof",https://adamlink.nl/geo/street/nico-van-suchtelenhof/3120
363300000003854,"Nicolaas Anslijnstraat",https://adamlink.nl/geo/street/nicolaas-anslijnstraat/3121
363300000003861,"Nicolaas Witsenkade",https://adamlink.nl/geo/street/nicolaas-witsenkade/3130
363300000001096,Nieuw-Zeelandweg,https://adamlink.nl/geo/street/nieuwzeelandweg/3212
363300000001522,Nieuwe-Hoofdhof,https://adamlink.nl/geo/street/nieuwehoofdhof/3190
363300000004679,"Nieuwe Spaarpotsteeg",https://adamlink.nl/geo/street/nieuwe-spaarpotsteeg/3174
363300000004681,"Nieuwe Teertuinen",https://adamlink.nl/geo/street/nieuwe-teertuinen/3176
363300000003869,Nieuwegrachtje,https://adamlink.nl/geo/street/nieuwegrachtje/3189
363300000005865,"Nieuwendammer Sluispad",https://adamlink.nl/geo/street/nieuwendammer-sluispad/3193
363300000005397,Nieuwersluishof,https://adamlink.nl/geo/street/nieuwersluishof/3201
363300000003876,Nieuwevaart,https://adamlink.nl/geo/street/nieuwevaart/3202
363300000005398,Nieuwlandhof,https://adamlink.nl/geo/street/nieuwlandhof/3208
363300000005400,Niftrikhof,https://adamlink.nl/geo/street/niftrikhof/3213
363300000005399,Nigtevechthof,https://adamlink.nl/geo/street/nigtevechthof/3215
363300000005367,Noorderbreedte,https://adamlink.nl/geo/street/noorderbreedte/3232
363300000003890,Noorderkroonstraat,https://adamlink.nl/geo/street/noorderkroonstraat/3237
363300000003891,Noordermarkt,https://adamlink.nl/geo/street/noordermarkt/3238
363300000003897,Notenstraat,https://adamlink.nl/geo/street/notenstraat/3256
363300000005401,Ochtenhof,https://adamlink.nl/geo/street/ochtenhof/3262
363300000004699,Oetewalerpad,https://adamlink.nl/geo/street/oetewalerpad/3266
363300000004701,Oeverpad,https://adamlink.nl/geo/street/oeverpad/3271
363300000004703,Ohmstraat,https://adamlink.nl/geo/street/ohmstraat/3274
363300000004705,Oldambtstraat,https://adamlink.nl/geo/street/oldambtstraat/3276
363300000005359,Olifantswerf,https://adamlink.nl/geo/street/olifantswerf/3283
363300000005866,"Olof Palmeplein",https://adamlink.nl/geo/street/olof-palmeplein/3285
363300000004710,Oltmansstraat,https://adamlink.nl/geo/street/oltmansstraat/3286
363300000004711,Olympiakade,https://adamlink.nl/geo/street/olympiakade/3287
363300000001040,"Olympisch Stadion",https://adamlink.nl/geo/street/olympisch-stadion/3292
363300000005404,Ommerenhof,https://adamlink.nl/geo/street/ommerenhof/3294
363300000004718,Onderlangs,https://adamlink.nl/geo/street/onderlangs/3297
363300000004724,Ookmeerweg,https://adamlink.nl/geo/street/ookmeerweg/3304
363300000004730,"Ooster Ringdijk",https://adamlink.nl/geo/street/ooster-ringdijk/3319
363300000004733,Oosterpark,https://adamlink.nl/geo/street/oosterpark/3327
363300000004734,Oostersekade,https://adamlink.nl/geo/street/oostersekade/3329
363300000004735,Oosterspoorplein,https://adamlink.nl/geo/street/oosterspoorplein/3330
363300000004740,Opdijkstraat,https://adamlink.nl/geo/street/opdijkstraat/3340
363300000005403,Ophemerthof,https://adamlink.nl/geo/street/ophemerthof/3343
363300000005402,Opheusdenhof,https://adamlink.nl/geo/street/opheusdenhof/3344
363300000005405,Opijnenhof,https://adamlink.nl/geo/street/opijnenhof/3345
363300000005833,Opmerkzaam,https://adamlink.nl/geo/street/opmerkzaam/3346
363300000002197,Ã–rehof,https://adamlink.nl/geo/street/orehof/3354
363300000001610,Orgeldraaierspad,https://adamlink.nl/geo/street/orgeldraaierspad/3355
363300000004746,Ornsteinstraat,https://adamlink.nl/geo/street/ornsteinstraat/3360
363300000004747,Orteliuskade,https://adamlink.nl/geo/street/orteliuskade/3362
363300000004751,Osdorpplein,https://adamlink.nl/geo/street/osdorpplein/3371
363300000004755,Ouborg,https://adamlink.nl/geo/street/ouborg/3379
457300000000041,"Oude Convent",https://adamlink.nl/geo/street/oude-convent/9107
363300000004764,"Oude Meerhof",https://adamlink.nl/geo/street/oude-meerhof/3388
363300000004768,"Oude Waal",https://adamlink.nl/geo/street/oude-waal/3393
363300000004772,Oudemanhuispoort,https://adamlink.nl/geo/street/oudemanhuispoort/3399
363300000004781,Overhaalstraat,https://adamlink.nl/geo/street/overhaalstraat/3420
363300000005835,Overleg,https://adamlink.nl/geo/street/overleg/3424
363300000004785,Overveenstraat,https://adamlink.nl/geo/street/overveenstraat/3431
363300000004786,Overvoorde,https://adamlink.nl/geo/street/overvoorde/3432
363300001988924,"P.L. Marnettestraat",https://adamlink.nl/geo/street/pl-marnettestraat/6571
363300000001270,"Paavo Nurmipad",https://adamlink.nl/geo/street/paavo-nurmipad/3441
363300000004791,Pakingehof,https://adamlink.nl/geo/street/pakingehof/3444
363300000001477,Paladruhof,https://adamlink.nl/geo/street/paladruhof/3445
363300000004800,Paltrok,
363300000004803,Pandorinastraat,https://adamlink.nl/geo/street/pandorinastraat/3461
363300000005424,Pannerdenstraat,https://adamlink.nl/geo/street/pannerdenstraat/3462
363300000004810,Parmenidesstraat,https://adamlink.nl/geo/street/parmenidesstraat/3478
363300000004346,Penninkshof,https://adamlink.nl/geo/street/penninkshof/3511
363300000001415,Pennyhof,https://adamlink.nl/geo/street/pennyhof/3512
363300000004349,Perseusstraat,https://adamlink.nl/geo/street/perseusstraat/3519
363300000004350,Persijn,https://adamlink.nl/geo/street/persijn/3520
363300000004352,Pestalozzihof,https://adamlink.nl/geo/street/pestalozzihof/3523
363300000004354,Petmolen,https://adamlink.nl/geo/street/petmolen/8209
363300000004356,"Petrus Blokhof",https://adamlink.nl/geo/street/petrus-blokhof/3531
363300000004357,Pettenstraat,https://adamlink.nl/geo/street/pettenstraat/3532
363300000004360,"Pier Panderstraat",https://adamlink.nl/geo/street/pier-panderstraat/3542
363300000001278,"Piet Ikelaarpad",https://adamlink.nl/geo/street/piet-ikelaarpad/3547
363300000004364,"Piet Laroostraat",https://adamlink.nl/geo/street/piet-laroostraat/3548
363300000004366,"Piet Paaltjenspad",https://adamlink.nl/geo/street/piet-paaltjenspad/3551
363300000004370,"Pieter Borstraat",https://adamlink.nl/geo/street/pieter-borstraat/3559
363300000004371,"Pieter Buyskensstraat",https://adamlink.nl/geo/street/pieter-buyskensstraat/3561
363300000001257,"Pieter Calandplantsoen",https://adamlink.nl/geo/street/pieter-calandplantsoen/3563
363300000004377,"Pieter Lastmankade",https://adamlink.nl/geo/street/pieter-lastmankade/3571
363300000004380,"Pieter Oosterleehof",https://adamlink.nl/geo/street/pieter-oosterleehof/3575
363300000002103,"Pieter Postpad",https://adamlink.nl/geo/street/pieter-postpad/3577
363300000004382,"Pieter Postsingel",https://adamlink.nl/geo/street/pieter-postsingel/3578
363300000001346,Pilatus,https://adamlink.nl/geo/street/pilatus/3591
363300000004390,Pinasstraat,https://adamlink.nl/geo/street/pinasstraat/3593
363300003682811,"Piri Reisplein",https://adamlink.nl/geo/street/pirireisplein/3596
363300000004393,Pisuissehof,https://adamlink.nl/geo/street/pisuissehof/3598
363300000004538,"Plantage Lepellaan",https://adamlink.nl/geo/street/plantage-lepellaan/3607
363300000004541,"Plantage Parklaan",https://adamlink.nl/geo/street/plantage-parklaan/3610
363300000001664,Plantagekade,https://adamlink.nl/geo/street/plantagekade/3612
363300000001722,Platenwagenweg,https://adamlink.nl/geo/street/platenwagenweg/3614
363300000004544,Platostraat,https://adamlink.nl/geo/street/platostraat/3615
363300000004545,"Plein '40-'45",https://adamlink.nl/geo/street/plein-4045/3618
363300000004550,Plutarchusstraat,https://adamlink.nl/geo/street/plutarchusstraat/3626
363300000004551,Plutostraat,https://adamlink.nl/geo/street/plutostraat/3627
363300000004556,Polanenhof,https://adamlink.nl/geo/street/polanenhof/3633
363300000005940,Polonceau-kade,https://adamlink.nl/geo/street/polonceaukade/3641
363300000005428,Polsbroekstraat,https://adamlink.nl/geo/street/polsbroekstraat/3642
363300000004563,Pontanusstraat,https://adamlink.nl/geo/street/pontanusstraat/3648
363300000005894,Pontplein,https://adamlink.nl/geo/street/pontplein/3650
363300000004566,Populierenweg,https://adamlink.nl/geo/street/populierenweg/3655
363300000004573,"President Steynplantsoen",https://adamlink.nl/geo/street/president-steynplantsoen/3674
363300000004576,"Prins Bernhardplein",https://adamlink.nl/geo/street/prins-bernhardplein/3679
363300000004577,"Prins Hendrikkade",https://adamlink.nl/geo/street/prins-hendrikkade/3680
363300000004581,Prinsenhofssteeg,https://adamlink.nl/geo/street/prinsenhofssteeg/3685
457300000000233,"Prinses Amaliahof",https://adamlink.nl/geo/street/prinses-amaliahof/9123
363300000004594,Provincialeweg,https://adamlink.nl/geo/street/provincialeweg/3705
363300000004612,Raderbootstraat,https://adamlink.nl/geo/street/raderbootstraat/3732
363300011951305,Randmeersingel,https://adamlink.nl/geo/street/randmeersingel/6575
363300000001088,Randwijkhof,https://adamlink.nl/geo/street/randwijkhof/3735
363300000004614,Ranonkelkade,https://adamlink.nl/geo/street/ranonkelkade/3737
363300000000889,"Raoul Wallenberghofje",https://adamlink.nl/geo/street/raoul-wallenberghofje/3739
363300000004616,Rapenburgerplein,https://adamlink.nl/geo/street/rapenburgerplein/3743
363300000005757,Ravensteinstraat,https://adamlink.nl/geo/street/ravensteinstraat/3750
363300000005360,Ravenwerf,https://adamlink.nl/geo/street/ravenwerf/3753
457300000000155,Reaalspolderweg,https://adamlink.nl/geo/street/reaalspolderweg/9127
363300000004621,Realengracht,https://adamlink.nl/geo/street/realengracht/3754
363300000005432,Reewijkplein,https://adamlink.nl/geo/street/reewijkplein/3758
363300000004632,"Reijnier Vinkeleskade",https://adamlink.nl/geo/street/reijnier-vinkeleskade/3769
363300000004637,"Reinhard Dozyhof",https://adamlink.nl/geo/street/reinhard-dozyhof/3774
363300000005372,Reling,https://adamlink.nl/geo/street/reling/3783
363300000004646,Remijden,https://adamlink.nl/geo/street/remijden/3786
363300000005434,Remmerdenplein,https://adamlink.nl/geo/street/remmerdenplein/3787
363300000005407,Renkumhof,https://adamlink.nl/geo/street/renkumhof/3789
363300000005435,Renooiplein,https://adamlink.nl/geo/street/renooiplein/3790
363300000005406,Rhenenhof,https://adamlink.nl/geo/street/rhenenhof/3797
363300000004658,Rietnesse,https://adamlink.nl/geo/street/rietnesse/3815
363300000004663,Rijgersborgh,https://adamlink.nl/geo/street/rijgersborgh/3821
457300000000161,Rijnkade,https://adamlink.nl/geo/street/rijnkade/9131
363300000004665,Rijsdrechthof,https://adamlink.nl/geo/street/rijsdrechthof/3827
363300000004666,Rijssenburghof,https://adamlink.nl/geo/street/rijssenburghof/3828
363300000004668,Ringdijk,https://adamlink.nl/geo/street/ringdijk/3831
363300011951511,Ringslangpad,https://adamlink.nl/geo/street/ringslangpad/6581
363300000004671,"Robbert Cijferstraat",https://adamlink.nl/geo/street/robbert-cijferstraat/3844
363300000004672,"Robert Doumastraat",https://adamlink.nl/geo/street/robert-doumastraat/3845
363300000004673,"Robert Fruinlaan",https://adamlink.nl/geo/street/robert-fruinlaan/3846
363300000001406,Roebelkade,https://adamlink.nl/geo/street/roebelkade/3854
363300000001275,"Roelof Kleinpad",https://adamlink.nl/geo/street/roelof-kleinpad/3858
363300000005643,Roomtuintjes,https://adamlink.nl/geo/street/roomtuintjes/3877
363300000005694,"Rosa Manusstraat",https://adamlink.nl/geo/street/rosa-manusstraat/3883
363300000004420,Rosmolen,
363300000004426,Rozijnenstraat,https://adamlink.nl/geo/street/rozijnenstraat/3902
363300000001629,"Rudi Bloemgartensingel",https://adamlink.nl/geo/street/rudi-bloemgartensingel/3904
363300000004430,Ruimzicht,https://adamlink.nl/geo/street/ruimzicht/3907
363300000005776,Rupelmonde,https://adamlink.nl/geo/street/rupelmonde/3913
363300000004435,Rusthofpad,https://adamlink.nl/geo/street/rusthofpad/3917
363300000004436,Rusthofstraat,https://adamlink.nl/geo/street/rusthofstraat/3918
363300000004437,Rutherfordstraat,https://adamlink.nl/geo/street/rutherfordstraat/3919
363300000004448,Sagittahof,https://adamlink.nl/geo/street/sagittahof/3933
363300000004450,Saltetstraat,https://adamlink.nl/geo/street/saltetstraat/3937
363300000004451,Salzmannhof,https://adamlink.nl/geo/street/salzmannhof/3938
363300000005695,"Sam de Wolffstraat",https://adamlink.nl/geo/street/sam-de-wolffstraat/3939
363300000005834,Samenwerking,https://adamlink.nl/geo/street/samenwerking/3941
363300000004455,Sandhorst,https://adamlink.nl/geo/street/sandhorst/3945
363300000004459,Sarphatikade,https://adamlink.nl/geo/street/sarphatikade/3954
363300000006080,"Saskia van Uijlenburgkade",https://adamlink.nl/geo/street/saskia-van-uijlenburgkade/5397
363300000004464,Savelsbos,https://adamlink.nl/geo/street/savelsbos/3960
363300000005712,Schaikstraat,https://adamlink.nl/geo/street/schaikstraat/3970
363300000004471,Schapenburgerpad,https://adamlink.nl/geo/street/schapenburgerpad/3974
363300000001615,Scharenslijperspad,https://adamlink.nl/geo/street/scharenslijperspad/3977
363300000004474,Scheepmakerskade,https://adamlink.nl/geo/street/scheepmakerskade/3979
363300000004484,Schinkelhavenkade,https://adamlink.nl/geo/street/schinkelhavenkade/4001
363300000004486,Schinkelkade,https://adamlink.nl/geo/street/schinkelkade/4003
363300000004489,Schipmolen,
363300000004490,Schippersgracht,https://adamlink.nl/geo/street/schippersgracht/4008
363300000004495,Schollenbrugstraat,https://adamlink.nl/geo/street/schollenbrugstraat/4016
363300000004498,Schoorlstraat,https://adamlink.nl/geo/street/schoorlstraat/4022
363300000001616,Schoorsteenvegerspad,https://adamlink.nl/geo/street/schoorsteenvegerspad/4023
363300000004501,Schorpioenstraat,https://adamlink.nl/geo/street/schorpioenstraat/4026
363300000001692,Seifertplein,https://adamlink.nl/geo/street/seifertplein/4040
363300000001383,Sierplein,https://adamlink.nl/geo/street/sierplein/4067
363300000004516,Sijlhoff,https://adamlink.nl/geo/street/sijlhoff/4069
363300000001042,Silodam,https://adamlink.nl/geo/street/silodam/4075
363300000005936,"Simone de Beauvoirstraat",https://adamlink.nl/geo/street/simone-de-beauvoirstraat/4081
363300000005502,"Sint Antoniesluis",https://adamlink.nl/geo/street/sint-antoniesluis/4097
363300000005011,"Sint Geertruidensteeg",https://adamlink.nl/geo/street/sint-geertruidensteeg/4099
363300000005715,Slikkerveerstraat,https://adamlink.nl/geo/street/slikkerveerstraat/4136
363300000004949,Slimmeweg,https://adamlink.nl/geo/street/slimmeweg/4137
363300000004955,Sloterkade,https://adamlink.nl/geo/street/sloterkade/4145
363300000004958,Sluispad,https://adamlink.nl/geo/street/sluispad/4154
363300000005722,Snelleveldplein,https://adamlink.nl/geo/street/snelleveldplein/4166
363300000004966,Snelliusstraat,https://adamlink.nl/geo/street/snelliusstraat/4168
363300000005446,Soesterberghof,https://adamlink.nl/geo/street/soesterberghof/4182
363300000004976,Somerlustpad,https://adamlink.nl/geo/street/somerlustpad/4188
363300000001273,"Sonja Heniepad",https://adamlink.nl/geo/street/sonja-heniepad/4191
363300000004978,Sonneveld,https://adamlink.nl/geo/street/sonneveld/4192
363300000001466,"Sophie Redmondplein",https://adamlink.nl/geo/street/sophie-redmondplein/4195
363300000004980,"Spaanse Brabanderstraat",https://adamlink.nl/geo/street/spaanse-brabanderstraat/4196
363300000004981,Spaarndammerdijk,https://adamlink.nl/geo/street/spaarndammerdijk/4197
363300000005853,Spangenhof,https://adamlink.nl/geo/street/spangenhof/4209
363300000005725,Spankerenkade,https://adamlink.nl/geo/street/spankerenkade/4211
363300000004998,Spinnekop,
363300000005861,Spinozahof,https://adamlink.nl/geo/street/spinozahof/4230
457300000000175,Spoorstraat,https://adamlink.nl/geo/street/spoorstraat/9147
363300000005448,"Sportpark Kadoelen",
363300000005449,"Sportpark Oostzanerwerf",
363300000005357,"Sportpark Spieringhorn",
363300000005024,Staalkade,https://adamlink.nl/geo/street/staalkade/4279
363300000005027,Stadhouderskade,https://adamlink.nl/geo/street/stadhouderskade/4284
363300000005028,Stadionkade,https://adamlink.nl/geo/street/stadionkade/4286
363300000005530,Stammerlandweg,https://adamlink.nl/geo/street/stammerlandweg/4293
363300000005031,Standerdmolen,
363300000005500,Stavangerweg,https://adamlink.nl/geo/street/stavangerweg/4302
363300000001523,"Stenen Beer",https://adamlink.nl/geo/street/stenen-beer/4312
363300000005048,Stieltjesstraat,https://adamlink.nl/geo/street/stieltjesstraat/4324
363300000005049,Stierstraat,https://adamlink.nl/geo/street/stierstraat/4325
363300000005050,"Stoel en Spreehof",https://adamlink.nl/geo/street/stoel-en-spreehof/4326
363300000001611,Stoelenmatterspad,https://adamlink.nl/geo/street/stoelenmatterspad/4327
363300000005055,Stoomgemaalstraat,https://adamlink.nl/geo/street/stoomgemaalstraat/4333
363300000005472,Stoutenburggracht,https://adamlink.nl/geo/street/stoutenburggracht/4335
363300000005064,Surinamekade,https://adamlink.nl/geo/street/surinamekade/4357
363300000001353,"Suze Groenewegplantsoen",https://adamlink.nl/geo/street/suze-groenewegplantsoen/4360
363300000005076,Tartaud-Kleinhof,https://adamlink.nl/geo/street/tartaudkleinhof/4379
363300000005080,"Teixeira de Mattosstraat",https://adamlink.nl/geo/street/teixeira-de-mattosstraat/4388
363300000005081,Telescoophof,https://adamlink.nl/geo/street/telescoophof/4391
363300000005453,"Ten Kateplein",https://adamlink.nl/geo/street/ten-kateplein/4393
363300000005084,"Ter Boede",https://adamlink.nl/geo/street/ter-boede/4399
363300000005087,"Ter Hooge",https://adamlink.nl/geo/street/ter-hooge/4402
363300000005754,Terletstraat,https://adamlink.nl/geo/street/terletstraat/4405
363300000005090,Termietergouw,https://adamlink.nl/geo/street/termietergouw/4406
363300000005744,Teteringenstraat,https://adamlink.nl/geo/street/teteringenstraat/4415
363300000001323,Teylerplein,https://adamlink.nl/geo/street/teylerplein/4419
363300000005099,"Theo Mann-Bouwmeesterhof",https://adamlink.nl/geo/street/theo-mannbouwmeesterhof/4424
363300000005100,"Theo Thijssenhof",https://adamlink.nl/geo/street/theo-thijssenhof/4425
363300000005101,"Theo van Doesburgstraat",https://adamlink.nl/geo/street/theo-van-doesburgstraat/4426
363300000005106,Theophilusstraat,https://adamlink.nl/geo/street/theophilusstraat/4433
363300000005113,"Thomas van Erpehof",https://adamlink.nl/geo/street/thomas-van-erpehof/4444
363300000005743,Tielstraat,https://adamlink.nl/geo/street/tielstraat/4449
363300000005745,Tienraaikade,https://adamlink.nl/geo/street/tienraaikade/4452
363300000005119,"Tijl Uilenspiegelstraat",https://adamlink.nl/geo/street/tijl-uilenspiegelstraat/4454
363300000005121,Timorplein,https://adamlink.nl/geo/street/timorplein/4457
363300000006082,"Titus van Rijnstraat",https://adamlink.nl/geo/street/titus-van-rijnstraat/4462
363300000005126,Tjasker,
363300000005912,"Tobias M.C. Asserstraat",https://adamlink.nl/geo/street/tobias-mc-asserstraat/4469
363300000005135,Tomatenstraat,https://adamlink.nl/geo/street/tomatenstraat/4481
363300000005752,Tondenpad,https://adamlink.nl/geo/street/tondenpad/4484
363300000005137,Tongelaer,https://adamlink.nl/geo/street/tongelaer/4485
363300000005138,"Top Naeffstraat",https://adamlink.nl/geo/street/top-naeffstraat/4487
363300000005141,Torenmolen,
363300000005746,Toutenburgstraat,https://adamlink.nl/geo/street/toutenburgstraat/4499
363300000005148,Transvaalkade,https://adamlink.nl/geo/street/transvaalkade/4503
363300000005149,Transvaalplein,https://adamlink.nl/geo/street/transvaalplein/4504
363300000005152,Treilerhof,https://adamlink.nl/geo/street/treilerhof/4507
363300000001108,Troepiaalsingel,https://adamlink.nl/geo/street/troepiaalsingel/4513
363300000005157,Tugelaweg,https://adamlink.nl/geo/street/tugelaweg/4522
363300000001151,Tuimelaarstraat,https://adamlink.nl/geo/street/tuimelaarstraat/4525
363300011951194,"Tuin van Hera",https://adamlink.nl/geo/street/tuin-van-hera/6618
363300000005365,Tussendek,https://adamlink.nl/geo/street/tussendek/4538
363300000005165,"Tutein Noltheniusstraat",https://adamlink.nl/geo/street/tutein-noltheniusstraat/4540
363300000005908,"Twee Koningskinderenstraat",https://adamlink.nl/geo/street/twee-koningskinderenstraat/4541
363300000002584,"Tweede Kostverlorenkade",https://adamlink.nl/geo/street/tweede-kostverlorenkade/4561
363300000002590,"Tweede Marnixplantsoen",https://adamlink.nl/geo/street/tweede-marnixplantsoen/4568
363300000005166,Tweelingenhof,https://adamlink.nl/geo/street/tweelingenhof/4582
457300000000190,Uitermeer,https://adamlink.nl/geo/street/uitermeer/9165
363300000005251,Valentijnkade,https://adamlink.nl/geo/street/valentijnkade/4614
363300000005254,Valeriusterras,https://adamlink.nl/geo/street/valeriusterras/4617
363300000002436,Valkkoogstraat,https://adamlink.nl/geo/street/valkkoogstraat/5383
363300000005193,"Van der Kunstraat",https://adamlink.nl/geo/street/van-der-kunstraat/4646
363300000001046,"Van der Palmkade",https://adamlink.nl/geo/street/van-der-palmkade/4648
363300000005200,"Van Eeghenlaan",https://adamlink.nl/geo/street/van-eeghenlaan/4654
363300000005204,"Van Gilsestraat",https://adamlink.nl/geo/street/van-gilsestraat/4658
457300000000083,"van Houten Industriepark",https://adamlink.nl/geo/street/van-houten-industriepark/9167
363300000005216,"Van Koetsveldstraat",https://adamlink.nl/geo/street/van-koetsveldstraat/4670
363300000005228,"Van Nijenrodeweg",https://adamlink.nl/geo/street/van-nijenrodeweg/4682
363300000002161,"Van Reedestraat",https://adamlink.nl/geo/street/van-reedestraat/6621
363300000002200,VÃ¤tternkade,https://adamlink.nl/geo/street/vatternkade/4712
363300000005266,Veelaan,https://adamlink.nl/geo/street/veelaan/4714
363300000005475,Veenendaalplein,https://adamlink.nl/geo/street/veenendaalplein/4719
363300000002201,VenetiÃ«hof,https://adamlink.nl/geo/street/venetiehof/4732
363300000001613,Venterspad,https://adamlink.nl/geo/street/venterspad/4736
363300000005831,Verdraagzaam,https://adamlink.nl/geo/street/verdraagzaam/4740
363300000005277,Verlaatstraat,https://adamlink.nl/geo/street/verlaatstraat/4741
457300000000036,"Verlengd Buitenveer",https://adamlink.nl/geo/street/verlengd-buitenveer/9169
363300000005278,Verleunstraat,https://adamlink.nl/geo/street/verleunstraat/4744
363300000005279,Veronesestraat,https://adamlink.nl/geo/street/veronesestraat/4745
363300000005807,Vertrouwen,https://adamlink.nl/geo/street/vertrouwen/4747
363300000005282,Vervoorenstraat,https://adamlink.nl/geo/street/vervoorenstraat/4749
363300000005286,"Vier Heemskinderenstraat",https://adamlink.nl/geo/street/vier-heemskinderenstraat/4754
363300000000917,"Violette Corneliushof",https://adamlink.nl/geo/street/violette-corneliushof/4768
363300000005303,Vlothavenweg,https://adamlink.nl/geo/street/vlothavenweg/4785
363300000005306,Vogelkade,https://adamlink.nl/geo/street/vogelkade/4789
363300000005307,Vogelplein,https://adamlink.nl/geo/street/vogelplein/4791
363300000005314,"Von Humboldtstraat",https://adamlink.nl/geo/street/von-humboldtstraat/4815
363300000005363,Voordek,https://adamlink.nl/geo/street/voordek/4822
363300000005321,Voorlandpad,https://adamlink.nl/geo/street/voorlandpad/4824
363300000005362,Voorsteven,https://adamlink.nl/geo/street/voorsteven/4829
363300000005325,Vossiusstraat,https://adamlink.nl/geo/street/vossiusstraat/4834
363300000005330,Vreedenhaven,https://adamlink.nl/geo/street/vreedenhaven/4841
363300000005480,Vreelandplein,https://adamlink.nl/geo/street/vreelandplein/4842
363300000005481,Vreeswijkpad,https://adamlink.nl/geo/street/vreeswijkpad/4843
363300000005334,Vrijzicht,https://adamlink.nl/geo/street/vrijzicht/4849
363300000005338,"W.J. Bijleveldstraat",https://adamlink.nl/geo/street/wj-bijleveldstraat/5112
363300000005340,"W.L. Penningstraat",https://adamlink.nl/geo/street/wl-penningstraat/5114
363300000005341,Waalenburgsingel,https://adamlink.nl/geo/street/waalenburgsingel/4855
363300000001779,Wachterliedplantsoen,https://adamlink.nl/geo/street/wachterliedplantsoen/4859
363300000005344,Waddendijk,https://adamlink.nl/geo/street/waddendijk/4860
363300000005353,Walmolen,
363300000005355,Wamberg,https://adamlink.nl/geo/street/wamberg/4874
363300000005482,Wamelplein,https://adamlink.nl/geo/street/wamelplein/4875
363300000005483,Wamelstraat,https://adamlink.nl/geo/street/wamelstraat/4876
363300000004820,Watergangseweg,https://adamlink.nl/geo/street/watergangseweg/4887
363300000004824,Watermolen,
363300000001622,Wederikpad,https://adamlink.nl/geo/street/wederikpad/4911
363300000004832,Weegschaalhof,https://adamlink.nl/geo/street/weegschaalhof/4913
363300000001586,Weenahof,https://adamlink.nl/geo/street/weenahof/4914
363300000004833,Weerdestein,https://adamlink.nl/geo/street/weerdestein/4915
363300000004836,Weesperzijde,https://adamlink.nl/geo/street/weesperzijde/4921
363300000005484,Werkendamstraat,https://adamlink.nl/geo/street/werkendamstraat/4933
363300000004845,"Wessel Gansfortstraat",https://adamlink.nl/geo/street/wessel-gansfortstraat/4938
363300000005486,Westbroekplein,https://adamlink.nl/geo/street/westbroekplein/4941
363300000005487,Westbroekstraat,https://adamlink.nl/geo/street/westbroekstraat/4942
363300000004851,Westerkade,https://adamlink.nl/geo/street/westerkade/4958
363300000004852,Westerleestraat,https://adamlink.nl/geo/street/westerleestraat/4960
363300000004856,Westerwoldestraat,https://adamlink.nl/geo/street/westerwoldestraat/4966
363300000004857,Westhavenweg,https://adamlink.nl/geo/street/westhavenweg/4968
363300000005787,"Wethouder Abrahamspad",https://adamlink.nl/geo/street/wethouder-abrahamspad/4980
363300000005795,"Wethouder De Roosplein",https://adamlink.nl/geo/street/wethouder-de-roosplein/4981
363300000005794,"Wethouder De Vriesplantsoen",https://adamlink.nl/geo/street/wethouder-de-vriesplantsoen/4982
363300000005789,"Wethouder Ed. Polakstraat",https://adamlink.nl/geo/street/wethouder-ed-polakstraat/4985
363300000005783,"Wethouder Insingerstraat",https://adamlink.nl/geo/street/wethouder-insingerstraat/4988
363300000005793,"Wethouder Seegersplein",https://adamlink.nl/geo/street/wethouder-seegersplein/4990
363300000005785,"Wethouder Serrurierstraat",https://adamlink.nl/geo/street/wethouder-serrurierstraat/4991
363300000005531,"Wethouder Van Essenweg",https://adamlink.nl/geo/street/wethouder-van-essenweg/4994
363300000005842,WG-plein,https://adamlink.nl/geo/street/wgplein/5000
363300003767126,Wiborgeiland,https://adamlink.nl/geo/street/wiborgeiland/6633
363300000004869,Wierdestraat,https://adamlink.nl/geo/street/wierdestraat/5007
363300000004879,Wijmarkthof,https://adamlink.nl/geo/street/wijmarkthof/5018
363300011951152,"Wijnand Nuijenstraat",https://adamlink.nl/geo/street/wijnand-nuijenstraat/5402
363300000005829,"Wilhelmina Bladergroenstraat",https://adamlink.nl/geo/street/wilhelmina-bladergroenstraat/5028
363300000002445,"Willem Augustinstraat",https://adamlink.nl/geo/street/willem-augustinstraat/5035
363300000004891,"Willem Bartjenshof",https://adamlink.nl/geo/street/willem-bartjenshof/5037
363300000001250,"Willem Bouwhuispad",https://adamlink.nl/geo/street/willem-bouwhuispad/5039
363300000004897,"Willem Kloosstraat",https://adamlink.nl/geo/street/willem-kloosstraat/5049
363300000004901,"Willem Molengraaffstraat",https://adamlink.nl/geo/street/willem-molengraaffstraat/5054
363300000004902,"Willem Mollhof",https://adamlink.nl/geo/street/willem-mollhof/5055
363300000001335,"Willem Noorlanderkade",https://adamlink.nl/geo/street/willem-noorlanderkade/5058
363300000001288,Wilmkebreekpad,https://adamlink.nl/geo/street/wilmkebreekpad/5084
363300000002439,"Wim van Estlaan",https://adamlink.nl/geo/street/wim-van-estlaan/5405
363300000004922,"Winkler Prinshof",https://adamlink.nl/geo/street/winkler-prinshof/5093
457300000000211,Wintertuin,https://adamlink.nl/geo/street/wintertuin/9184
363300000004924,Wipmolen,
363300000004926,"Witte Klok",https://adamlink.nl/geo/street/witte-klok/5105
363300000001143,Wittgensteinlaan,https://adamlink.nl/geo/street/wittgensteinlaan/5111
363300000004938,"Woutertje Pietersestraat",https://adamlink.nl/geo/street/woutertje-pietersestraat/5128
363300000004942,Zaandammerplein,https://adamlink.nl/geo/street/zaandammerplein/5134
363300000004944,Zaanhof,https://adamlink.nl/geo/street/zaanhof/5136
363300000004945,Zaanstraat,https://adamlink.nl/geo/street/zaanstraat/5137
363300000005549,Zandhoek,https://adamlink.nl/geo/street/zandhoek/5142
363300000005551,Zandpad,https://adamlink.nl/geo/street/zandpad/5143
363300000005553,Zandvoortstraat,https://adamlink.nl/geo/street/zandvoortstraat/5146
363300000005556,Zeeburgerpad,https://adamlink.nl/geo/street/zeeburgerpad/5152
363300000005561,Zenostraat,https://adamlink.nl/geo/street/zenostraat/5163
363300000005562,Zieseniskade,https://adamlink.nl/geo/street/zieseniskade/5166
363300000005630,Zonnehof,https://adamlink.nl/geo/street/zonnehof/5180
363300000005570,Zonzeelstraat,https://adamlink.nl/geo/street/zonzeelstraat/5183
363300000005572,Zorgwijkstraat,https://adamlink.nl/geo/street/zorgwijkstraat/5185
363300000005832,Zorgzaam,https://adamlink.nl/geo/street/zorgzaam/5186
363300000005583,Zuidewijn,https://adamlink.nl/geo/street/zuidewijn/5206
